{
    "items": [
        {
            "Name": "TestFolder",
            "TextColor": {
                "r": 0.7686275243759155,
                "g": 0.7686275243759155,
                "b": 0.7686275243759155,
                "a": 1.0
            },
            "FontSize": 12,
            "FontStyle": 0,
            "ImageColor": {
                "r": 0.7686275243759155,
                "g": 0.7686275243759155,
                "b": 0.7686275243759155,
                "a": 1.0
            },
            "ImageType": 0
        },
        {
            "Name": "GrapplePoints",
            "TextColor": {
                "r": 0.7568628191947937,
                "g": 0.7568628191947937,
                "b": 0.7568628191947937,
                "a": 1.0
            },
            "FontSize": 12,
            "FontStyle": 0,
            "ImageColor": {
                "r": 0.7686275243759155,
                "g": 0.7686275243759155,
                "b": 0.7686275243759155,
                "a": 1.0
            },
            "ImageType": 0
        },
        {
            "Name": "GameObject",
            "TextColor": {
                "r": 0.7568628191947937,
                "g": 0.7568628191947937,
                "b": 0.7568628191947937,
                "a": 1.0
            },
            "FontSize": 12,
            "FontStyle": 0,
            "ImageColor": {
                "r": 0.7686275243759155,
                "g": 0.7686275243759155,
                "b": 0.7686275243759155,
                "a": 1.0
            },
            "ImageType": 0
        },
        {
            "Name": "Points",
            "TextColor": {
                "r": 0.7568628191947937,
                "g": 0.7568628191947937,
                "b": 0.7568628191947937,
                "a": 1.0
            },
            "FontSize": 12,
            "FontStyle": 0,
            "ImageColor": {
                "r": 0.7686275243759155,
                "g": 0.7686275243759155,
                "b": 0.7686275243759155,
                "a": 1.0
            },
            "ImageType": 0
        }
    ]
}